Content Type,Quote Text,Voice,Template Style,Hashtags,Platform,Notes
Quote,"Are you sure it was that bad? Yes. You are sure. And you are not alone.",Empathetic,Educational,"#narcissisticabuse #youarenotalone #validation #truthovertactic #survivor",All,From Chapter 1
Quote,"Their charm feels magnetic—intoxicating even. This is the mask: a calculated, deliberate façade designed to manipulate and control.",Empowered,Statement,"#maskbehindthecharm #lovebombing #narcissist #manipulation #truthovertactic",All,From Chapter 2
Quote,"Love bombing isn't love. It's recruitment.",Frustrated,Punch,"#lovebombing #narcissist #manipulation #toxicrelationships #truthovertactic",All,From Chapter 2
Quote,"They didn't just lie to you. They convinced you that your truth was fiction.",Frustrated,Punch,"#gaslighting #narcissisticabuse #manipulation #truthovertactic #emotionalabuse",All,From Chapter 2
Quote,"Divorcing a narcissist means stepping into a battlefield laced with invisible landmines.",Empowered,Statement,"#divorcingnanarcissist #narcissisticabuse #divorce #highconflictdivorce #truthovertactic",All,From Chapter 3
Quote,"Chaos may have surrounded you—but clarity is possible. And you are already moving toward it, one truth at a time.",Empowered,Statement,"#chaostoclarity #healing #clarity #survivor #truthovertactic",All,From Chapter 1
Quote,"A narcissistic divorce is not just a legal process—it's a psychological battle.",Empowered,Statement,"#divorcingnanarcissist #support #mentalhealth #divorce #truthovertactic",All,From Chapter 4
Quote,"The journey to healing begins when you lift the mask. Only then can you confront the truth and start to free yourself from their psychological grip.",Empowered,Statement,"#unmasking #healing #narcissist #recovery #truthovertactic",All,From Chapter 2
Quote,"This is not just a roadmap for survival. It's an invitation to rediscover who you are beneath the scars.",Empowered,Statement,"#identity #recovery #healing #survivor #truthovertactic",All,From Chapter 1
Quote,"Like a Phoenix from the ashes of confusion and pain, clarity rises. You will reclaim your voice. You will rewrite your story.",Empowered,Statement,"#phoenixrising #healing #survivor #empowerment #truthovertactic",All,Final Words
Quote,"You are allowed to say no. You are allowed to disengage. You are allowed to create space between yourself and the source of your pain.",Empowered,Statement,"#boundaries #selfrespect #healing #narcissisticabuse #truthovertactic",All,From Chapter 10
Quote,"You survived. Now you get to live.",Empowered,Punch,"#survivor #thriving #newfuture #healing #truthovertactic",All,From Chapter 14
Quote,"When you leave a relationship with a narcissist, it can feel as if you're stepping out of a darkened theater into the daylight. That discomfort is temporary. It's the stretching of wings long held down.",Empathetic,Educational,"#healing #freedom #recovery #survivor #truthovertactic",All,From Chapter 14
Quote,"Where once success meant pleasing someone else, now it might mean waking up without fear.",Empathetic,Educational,"#redefining #healing #peace #recovery #truthovertactic",All,From Chapter 14
Quote,"You are not what they called you. You are not the roles they assigned to you. You are not the version of yourself you had to become to survive them.",Empathetic,Educational,"#identity #authentic #healing #survivor #truthovertactic",All,From Chapter 13
Quote,"You are you—brilliant, brave, and beautifully becoming. This is your rebirth. Welcome home to yourself.",Empowered,Statement,"#rebirth #authentic #healing #empowerment #truthovertactic",All,From Chapter 13
Quote,"You no longer need to ask for permission to be yourself. You no longer need to shrink. You are free.",Empowered,Statement,"#freedom #authentic #healing #empowerment #truthovertactic",All,From Chapter 14
Quote,"These resources are not just tools—they are lifelines. Use them to rebuild your sense of self, regain your autonomy, and create a future filled with clarity, peace, and empowerment.",Empowered,Statement,"#resources #support #healing #community #truthovertactic",All,Resources Chapter
Quote,"This book is your map through the storm. You are not alone. Others have walked this path. Others have survived. So will you.",Empathetic,Educational,"#youarenotalone #survivor #hope #community #truthovertactic",All,Final Words
Quote,"A beautiful exciting new life awaits you with open arms.",Empowered,Statement,"#hope #newfuture #healing #survivor #truthovertactic",All,Final Words
Question,"What was the moment you realized their ""love"" felt more like control?",Empathetic,Engagement,"#realization #lovebombing #control #narcissisticabuse #truthovertactic",All,Recognition moment
Question,"What's the wildest thing they convinced you was ""all in your head""?",Frustrated,Engagement,"#gaslighting #reality #manipulation #narcissisticabuse #truthovertactic",All,Gaslighting check
Question,"What's one boundary you're proud of setting recently?",Empowered,Engagement,"#boundaries #selfrespect #healing #recovery #truthovertactic",All,Boundary victory
Question,"If you could warn your past self about one red flag, what would it be?",Empowered,Engagement,"#redflags #warning #narcissist #toxicrelationships #truthovertactic",All,Red flag recognition
Question,"Who was the first person to really believe your story?",Empathetic,Engagement,"#support #validation #youarenotalone #community #truthovertactic",All,Support system
Question,"What's one small thing you do now just for YOU?",Empowered,Engagement,"#selfcare #healing #recovery #empowerment #truthovertactic",All,Self-care wins
Question,"What's your best comeback for people who say ""they seem so nice""?",Frustrated,Engagement,"#flyingmonkeys #validation #maskbehindthecharm #narcissist #truthovertactic",All,Flying monkeys
Question,"When did you first feel like yourself again after leaving?",Empowered,Engagement,"#healing #identity #recovery #survivor #truthovertactic",All,Healing milestone
Question,"What's one piece of evidence you wish you'd kept?",Empowered,Engagement,"#documentation #divorce #evidence #highconflictdivorce #truthovertactic",All,Documentation advice
Question,"What made it hardest to leave, even when you knew you should?",Empathetic,Engagement,"#traumabond #leaving #narcissisticabuse #healing #truthovertactic",All,Trauma bond insight
Question,"How do you protect your kids from their manipulation tactics?",Empowered,Engagement,"#coparenting #children #protection #narcissisticabuse #truthovertactic",All,Parenting concerns
Question,"What's the most frustrating thing about dealing with them in court?",Frustrated,Engagement,"#divorce #legal #highconflictdivorce #narcissist #truthovertactic",All,Legal frustration
Question,"What book, podcast, or resource changed everything for you?",Empowered,Engagement,"#resources #healing #recovery #books #truthovertactic",All,Recovery resources
Question,"What do you wish people understood about narcissistic abuse?",Empathetic,Engagement,"#awareness #validation #understanding #narcissisticabuse #truthovertactic",All,Validation need
Question,"What part of yourself are you most excited to rediscover?",Empowered,Engagement,"#identity #recovery #authentic #healing #truthovertactic",All,Identity reclamation
Question,"What's the best thing your therapist ever said to you?",Empathetic,Engagement,"#therapy #healing #validation #recovery #truthovertactic",All,Therapy breakthrough
Question,"What makes staying no contact hardest for you?",Empathetic,Engagement,"#nocontact #boundaries #healing #recovery #truthovertactic",All,No contact challenges
Question,"What does freedom feel like to you now?",Empowered,Engagement,"#freedom #recovery #healing #empowerment #truthovertactic",All,Freedom feeling
Question,"What manipulation tactic do you think more people should know about?",Frustrated,Engagement,"#manipulation #awareness #education #narcissist #truthovertactic",All,Warning signs education
Question,"What would you tell someone who's scared to leave?",Empathetic,Engagement,"#hope #courage #leaving #support #truthovertactic",All,Hope and encouragement
