ID,Content_Type,Voice_Type,Text,Chapter,Theme,Character_Count
1,Quote,Empowered,"You survived 100% of your worst days.",1,Survival strength,38
2,Quote,Empowered,"From chaos, clarity. From fear, freedom.",1,Hope and transformation,43
3,Quote,Empowered,"You're not broken. You're healing from trauma.",1,Healing is possible,48
4,Quote,Empowered,"This is your story to reclaim.",1,Agency and new beginnings,34
5,Quote,Empowered,"You're not broken. You're traumatized.",1,Normalizing trauma response,39
6,Quote,Empowered,"Safety planning comes first.",1,Strategic preparation,29
7,Quote,Empowered,"You didn't stay too long. You left when survival allowed.",1,Timeline compassion,59
8,Quote,Empowered,"Documentation is your defense.",1,Strategic action,32
9,Quote,Empowered,"From chaos, clarity is possible.",1,Progress and hope,35
10,Quote,Empowered,"This is a marathon, not a sprint.",1,Sustainable recovery,37
11,Quote,Empowered,"You control your healing pace.",1,Agency and boundaries,34
12,Quote,Empowered,"Understanding is the first step to freedom.",1,Recognition as power,45
13,Quote,Empowered,"Your love was real. Their mask was not.",2,Authentic love validation,43
14,Quote,Empowered,"Your capacity to love is strength, not weakness.",2,Vulnerability as strength,53
15,Quote,Empowered,"The mask is slipping. You decide what's next.",2,Clarity and agency,49
16,Quote,Empowered,"Lift the mask. Choose yourself.",2,Courageous choice,34
17,Quote,Empowered,"Their rage isn't your fault.",2,Releasing responsibility,30
18,Quote,Empowered,"You're not crazy. You're seeing through their lies.",2,Trusting perception,52
19,Quote,Empowered,"Real love doesn't hurt.",2,Defining healthy love,25
20,Quote,Empowered,"You're a survivor, not an abuser.",2,Self-compassion,37
21,Quote,Empowered,"What you said in desperation isn't who you are.",2,Reactive abuse context,53
22,Quote,Empowered,"Trust your reality over their performance.",2,Self-trust,44
23,Quote,Empowered,"Seeing clearly is painful and powerful.",2,Clarity through pain,44
24,Quote,Empowered,"The mask was the lie. Truth is your freedom.",2,Truth as liberation,49
25,Quote,Empowered,"You stayed because your brain was hijacked.",3,Neuroscience removes shame,45
26,Quote,Empowered,"The shame ends here.",3,Ending shame,20
27,Quote,Empowered,"Trauma bonds can be broken.",3,Hope for healing,30
28,Quote,Empowered,"Every day of no contact is progress.",3,No-contact progress,39
29,Quote,Empowered,"You're doing better than you think.",3,Encouragement,38
30,Quote,Empowered,"No contact is survival, not cruelty.",3,No-contact validation,39
31,Quote,Empowered,"This pain is temporary. You will heal.",3,Withdrawal hope,41
32,Quote,Empowered,"Thousands broke free. You can too.",3,Community hope,37
33,Quote,Empowered,"Your fear was rational, not cowardice.",3,Fear validation,41
34,Quote,Empowered,"You're remembering who you are.",3,Identity reclamation,35
35,Quote,Empowered,"Understanding trauma bonding gives you power to break it.",3,Knowledge as power,58
36,Quote,Empowered,"The prison has a door. It can be opened.",3,Biological hope,46
37,Quote,Empowered,"You survived the inescapable. You're breaking free.",3,Survival strength,54
38,Quote,Empowered,"Distance is healing, even when invisible.",3,Invisible progress,43
39,Quote,Empowered,"You're not crazy. You see the pattern now.",4,Pattern recognition,44
40,Quote,Empowered,"Documentation makes your truth undeniable.",4,Documentation power,44
41,Quote,Empowered,"Chaos surrounds you. Clarity grows within.",4,Inner strength,46
42,Quote,Empowered,"You're not just surviving. You're preparing to thrive.",4,Active agency,56
43,Quote,Empowered,"Their chaos will exhaust itself. Your clarity won't.",4,Sustainable strength,54
44,Quote,Empowered,"Stop rescuing them. Let the pattern show.",4,Strategic disengagement,44
45,Quote,Empowered,"Drama is their fuel. Boredom is your boundary.",4,Gray Rock,52
46,Quote,Empowered,"You can't win their smear campaign. Let your truth speak.",4,Smear campaign response,60
47,Quote,Empowered,"Their lies reveal their character, not yours.",4,Reputation protection,47
48,Quote,Empowered,"Your integrity will speak. Eventually.",4,Patient confidence,39
49,Quote,Empowered,"Reading this is a step. You're building awareness.",4,Small progress,53
50,Quote,Empowered,"Progress, not perfection. You're doing better than you think.",4,Self-compassion,63
51,Quote,Empathetic,"None of this was your fault.",1,Eliminating self-blame,29
52,Quote,Empathetic,"Your self-doubt is their manipulation working.",1,Gaslighting symptom,48
53,Quote,Empathetic,"Your body knows the truth.",1,Somatic knowing,28
54,Quote,Empathetic,"There's no timeline for leaving abuse.",1,Timeline validation,41
55,Quote,Empathetic,"They seemed nice to others. You know the truth.",1,External doubt,51
56,Quote,Empathetic,"It was that bad.",1,Deep validation,17
57,Quote,Empathetic,"Your experience is valid.",1,Self-trust,26
58,Quote,Empathetic,"You're not weak. You're surviving psychological warfare.",1,Trauma normalization,56
59,Quote,Empathetic,"All your feelings are normal.",1,Emotional validation,31
60,Quote,Empathetic,"Take breaks. You're in control.",1,Pacing permission,32
61,Quote,Empathetic,"You don't have to be strong all the time.",1,Permission to struggle,45
62,Quote,Empathetic,"This pain is real, but not permanent.",1,Hope with validation,40
63,Quote,Empathetic,"You weren't weak for falling for it. You were human.",2,Love bombing vulnerability,54
64,Quote,Empathetic,"The mask wasn't a small lie. It was everything.",2,Deception scale,49
65,Quote,Empathetic,"Cruelty followed by kindness is powerful conditioning.",2,Trauma bond science,57
66,Quote,Empathetic,"Missing someone who hurt you doesn't mean you want them back.",2,Complex grief,63
67,Quote,Empathetic,"Healing isn't linear. Setbacks are normal.",2,Non-linear healing,43
68,Quote,Empathetic,"Days of doubt are normal. Keep going.",2,Permission for doubt,39
69,Quote,Empathetic,"Holding onto good moments is cognitive dissonance, not weakness.",2,Hope trap,65
70,Quote,Empathetic,"Grieve who you thought they were. It's okay.",2,Grief permission,47
71,Quote,Empathetic,"Worrying you're abusive means you're not.",2,Reactive abuse,45
72,Quote,Empathetic,"Your worst moments don't equal their calculated cruelty.",2,Context matters,58
73,Quote,Empathetic,"You reacted to torture. That's not a flaw.",2,Reactive context,45
74,Quote,Empathetic,"What happened behind closed doors is the truth.",2,Private truth validation,48
75,Quote,Empathetic,"Stop asking why you stayed. Ask what made leaving impossible.",3,Compassionate reframe,64
76,Quote,Empathetic,"Your brain was addicted to the cycle.",3,Biological addiction,40
77,Quote,Empathetic,"It feels like addiction to someone destroying you.",3,Trauma bond reality,53
78,Quote,Empathetic,"This isn't weakness. This is withdrawal.",3,Withdrawal normalization,42
79,Quote,Empathetic,"Physical pain from leaving is real withdrawal.",3,Withdrawal symptoms,48
80,Quote,Empathetic,"You don't have to leave today.",3,No pressure,32
81,Quote,Empathetic,"No judgment if you're not ready to leave.",3,Meeting where they are,44
82,Quote,Empathetic,"You'll leave when staying hurts more than leaving.",3,Individual timing,52
83,Quote,Empathetic,"You didn't stay too long. Survival took time.",3,Timeline validation,48
84,Quote,Empathetic,"Past trauma made you vulnerable, not weak.",3,Trauma history,45
85,Quote,Empathetic,"The barriers to leaving were real.",3,Obstacle validation,36
86,Quote,Empathetic,"Faith doesn't require you to tolerate abuse.",3,Religious permission,47
87,Quote,Empathetic,"Your unique barriers are real and valid.",3,Intersectional barriers,41
88,Quote,Empathetic,"Staying to protect your children wasn't weakness.",3,Parental impossible choice,51
89,Quote,Empathetic,"Walking on eggshells is real. You're not imagining it.",4,Hypervigilance,56
90,Quote,Empathetic,"It's hard to explain. It's everything and nothing.",4,Articulation struggle,52
91,Quote,Empathetic,"Men can be victims too. I was.",4,Male survivor,35
92,Quote,Empathetic,"You're not crazy. You're being deliberately confused.",4,Gaslighting validation,54
93,Quote,Empathetic,"The chaos is real, deliberate, and abuse.",4,Clear naming,43
94,Quote,Empathetic,"Smear campaigns are devastating. I see you.",4,Witness to pain,47
95,Quote,Empathetic,"People who truly know you will stay.",4,Friend loss,39
96,Quote,Empathetic,"You can skip ahead. Read at your pace.",4,Reading control,42
97,Quote,Empathetic,"Just start documenting. Everything else can wait.",4,One simple step,51
98,Quote,Empathetic,"You're not behind. You're exactly where you need to be.",4,Timeline acceptance,58
99,Quote,Empathetic,"Sometimes acknowledging chaos is enough for now.",4,Permission to pause,51
100,Quote,Empathetic,"Reading this is progress. That matters.",4,Small action validation,40
101,Quote,Frustrated,"This isn't a difficult marriage. This is war.",1,Calling it what it is,45
102,Quote,Frustrated,"You're dealing with someone on the narcissism-psychopathy spectrum.",1,Direct clinical naming,68
103,Quote,Frustrated,"This isn't divorce. This is survival.",1,Life-or-death stakes,37
104,Quote,Frustrated,"Stop asking why you stayed. Ask what made leaving impossible.",1,Challenging victim-blaming,64
105,Quote,Frustrated,"They enjoy your pain. That's malignant narcissism.",1,Sadism naming,51
106,Quote,Frustrated,"Not all narcissists are equal. Malignant ones are dangerous.",1,Malignant difference,60
107,Quote,Frustrated,"They hurt you because it feels good to them.",1,Sadistic pleasure,47
108,Quote,Frustrated,"That cruelty was malignant narcissism. You weren't imagining it.",1,Cruelty validation,65
109,Quote,Frustrated,"When they said 'I love you,' they were performing a script.",1,Calculated manipulation,59
110,Quote,Frustrated,"The person you loved never existed.",1,False self,38
111,Quote,Frustrated,"The devaluation was inevitable. It was never about you.",1,Predetermined pattern,58
112,Quote,Frustrated,"They excel in court. The system isn't built for this.",1,Legal failure,54
113,Quote,Frustrated,"Love bombing isn't love. It's recruitment.",2,Direct naming,43
114,Quote,Frustrated,"Love bombing is manipulation, not love.",2,No euphemism,40
115,Quote,Frustrated,"The speed isn't romantic. It's strategic.",2,Calculated pacing,43
116,Quote,Frustrated,"They mirrored you. Then the mirror shattered.",2,False reflection,48
117,Quote,Frustrated,"Grand gestures create debt you'll repay with tolerance.",2,Investment in control,59
118,Quote,Frustrated,"That deep connection was systematic isolation.",2,Purposeful destruction,49
119,Quote,Frustrated,"Future faking keeps you hooked through the abuse.",2,Strategic lying,53
120,Quote,Frustrated,"This isn't love. It's conditioning.",2,Behavioral control,35
121,Quote,Frustrated,"The criticism was designed to erode you.",2,Intentional harm,43
122,Quote,Frustrated,"That person was never real.",2,Mask revelation,29
123,Quote,Frustrated,"The public mask is calculated, not accidental.",2,Deliberate image,49
124,Quote,Frustrated,"Narcissists are performers. They study their audience.",2,Calculated performance,54
125,Quote,Frustrated,"The trauma bond was designed to be unbreakable.",3,Intentional trap,51
126,Quote,Frustrated,"Your brain became addicted. Leaving is withdrawal.",3,Neurochemical addiction,52
127,Quote,Frustrated,"They weaponized oxytocin. Your bonding was exploited.",3,Biology exploited,56
128,Quote,Frustrated,"This isn't failed judgment. This is biology exploited.",3,Biological manipulation,55
129,Quote,Frustrated,"You couldn't think your way out. Your brain was hijacked.",3,Survival mode,59
130,Quote,Frustrated,"Leaving IS dangerous. Your fear wasn't paranoia.",3,Real danger,51
131,Quote,Frustrated,"The person you loved never existed.",3,Total falseness,38
132,Quote,Frustrated,"Believing them was easier than accepting they're destroying you.",3,Survival through denial,67
133,Quote,Frustrated,"Good moments weren't love. They were the trap.",3,Intermittent reinforcement,49
134,Quote,Frustrated,"Real love doesn't require forgetting abuse.",3,Love standard,46
135,Quote,Frustrated,"Your fears were based on evidence. They're capable of it.",3,Danger acknowledgment,60
136,Quote,Frustrated,"They erased your identity. That was deliberate.",3,Strategic destruction,49
137,Quote,Frustrated,"The chaos is systematic, intentional, and weaponized.",4,Strategic disorder,55
138,Quote,Frustrated,"Chaos keeps you scrambling. That's the point.",4,Deliberate confusion,48
139,Quote,Frustrated,"Your brain was damaged by someone who benefits from confusion.",4,Real cognitive harm,63
140,Quote,Frustrated,"Gaslighting isn't lying. It's cognitive warfare.",4,War metaphor,49
141,Quote,Frustrated,"'You're crazy' is assault on your reality.",4,Calculated phrases,45
142,Quote,Frustrated,"They don't feel like a victim. It's performance.",4,Strategic manipulation,49
143,Quote,Frustrated,"The tears are real. The motivation is control.",4,Calculated display,50
144,Quote,Frustrated,"Over time, you shrink. That's the design.",4,Intentional erosion,43
145,Quote,Frustrated,"This is not relationship problems. This is abuse.",4,No euphemisms,49
146,Quote,Frustrated,"Smear campaigns are calculated, prolonged attacks.",4,Systematic assault,51
147,Quote,Frustrated,"They started the smear campaign before you filed.",4,Strategic timing,53
148,Quote,Frustrated,"Digital abuse is their primary weapon now.",4,Modern warfare,44
149,Quote,Frustrated,"Medical emergencies before hearings aren't random. They're strategic.",4,Calculated disruption,68
150,Quote,Frustrated,"Chaos isn't a side effect. It's their weapon.",4,Intentional tactic,48
151,Question,Engagement,"What was the moment you realized 'this isn't just a difficult relationship—this is something else'?",1,Moment of recognition,
152,Question,Engagement,"If you could tell your past self one thing about what you were experiencing, what would it be?",1-2,Hindsight wisdom,
153,Question,Engagement,"What's one phrase you heard constantly that you now recognize as gaslighting?",1-4,Pattern recognition,
154,Question,Engagement,"What did your body know before your mind was ready to accept it?",1,Somatic knowing,
155,Question,Engagement,"What's the red flag you can see now that you couldn't see during love bombing?",2,Hindsight clarity,
156,Question,Engagement,"How fast did your relationship move? And what do you see now about that speed?",2,Pattern identification,
157,Question,Engagement,"What's one way they mirrored you during love bombing that you only recognized later?",2,Tactical awareness,
158,Question,Engagement,"What future did they promise you that never came true?",2,Broken promises,
159,Question,Engagement,"When did you first notice the difference between their public persona and who they were behind closed doors?",2,Mask recognition,
160,Question,Engagement,"What's something you miss about the masked version of them—and how are you processing that grief?",2,Complex grief,
161,Question,Engagement,"What made you stay, and what do you understand now about why leaving felt impossible?",3,Reframed shame question,
162,Question,Engagement,"If you experienced withdrawal after leaving, what did it feel like? What helped you through it?",3,Shared experience,
163,Question,Engagement,"What's one cognitive dissonance trap you fell into? ('They hurt me, but they love me' / 'I know I should leave, but...')",3,Psychological mechanism,
164,Question,Engagement,"What was the 'good moment' that reset your hope and kept you hooked for months more?",3,Hope addiction,
165,Question,Engagement,"If you had children, what made the decision to leave even more complex?",3,Children as barrier,
166,Question,Engagement,"What barrier to leaving was most significant for you? (Financial, children, immigration, disability, religious, fear)",3,Practical reality,
167,Question,Engagement,"How many months into no-contact did you start to feel like yourself again?",3,Recovery timeline,
168,Question,Engagement,"What's one thing you do now to resist the urge to break no-contact during weak moments?",3,No contact strategies,
169,Question,Engagement,"What was the chaos pattern you couldn't see until you stepped back? (Last-minute crises, manufactured emergencies, strategic delays)",4,Pattern recognition,
170,Question,Engagement,"What's one lie they told in court (or to authorities) that was so convincing you almost doubted yourself?",4,Legal manipulation,
171,Question,Engagement,"Did anyone believe their smear campaign? How did you handle losing people who chose their narrative?",4,Smear campaigns,
172,Question,Engagement,"What digital abuse tactic did they use? (GPS tracking, monitoring, harassment, fake accounts)",4,Digital abuse,
173,Question,Engagement,"When did you realize the chaos wasn't random—it was a weapon?",4,Strategic chaos,
174,Question,Engagement,"What does freedom feel like to you now (or what do you imagine it will feel like)?",All,Hope,
175,Question,Engagement,"What's one thing you're reclaiming about yourself post-narcissist?",All,Identity,
176,Question,Engagement,"If you could offer one piece of advice to someone just recognizing what they're in, what would it be?",All,Wisdom,
177,Question,Engagement,"What resource (book, therapist, support group, app) made the biggest difference in your healing?",All,Resources,
178,Question,Engagement,"How do you practice self-compassion when you're struggling with 'Why did I stay so long?'",3,Self-compassion,
179,Question,Engagement,"Did you keep a journal or documentation? How did it help (or how do you wish you had)?",4,Documentation,
180,Question,Engagement,"What's one thing you wish you'd known before filing for divorce?",4,Legal preparation,
181,Question,Engagement,"Have you ever caught them in a lie so blatant you couldn't believe anyone would believe it—and then someone did?",4,Credibility,
182,Question,Engagement,"What Gray Rock technique works best for you when you have to communicate?",4,Gray Rock,
183,Question,Engagement,"What do you wish people understood about narcissistic abuse that they don't?",All,Education,
184,Question,Engagement,"What's something you needed permission to feel or do during your healing?",All,Permission,
185,Question,Engagement,"If you're a male survivor, what unique challenges did you face that others might not understand?",1-4,Male survivors,
186,Question,Engagement,"If you're LGBTQ+, immigrant, disabled, or from a religious/cultural community, what barriers did you face that added layers to leaving?",3,Intersectional barriers,
187,Question,Engagement,"What's one thing you're proud of yourself for during this process?",All,Pride,
188,Question,Engagement,"What was your 'last straw' moment—the moment you knew you had to leave no matter what?",1-3,Decision point,
189,Question,Engagement,"How did you safety plan before leaving? What worked, what didn't?",1-4,Safety planning,
190,Question,Engagement,"What boundary have you set post-separation that you're most proud of?",All,Boundaries,
191,Question,Engagement,"If you went no-contact, what was the hardest part? If you can't go no-contact (children), what's helped with structured contact?",3,Contact boundaries,
192,Question,Engagement,"What's one sign of healing you've noticed in yourself recently?",All,Progress,
193,Question,Engagement,"How long into healing before you had your first 'good day'—a day where you didn't think about them constantly?",3,Timeline,
194,Question,Engagement,"What does 'from chaos to clarity' mean to you in your journey?",All,Theme,
195,Question,Engagement,"If you're on the other side of this, what would you tell someone in the thick of it right now?",All,Hope,
196,Question,Engagement,"What's something you needed to hear in the darkest moments that you'd like to offer someone else?",All,Support,
197,Question,Engagement,"Who was the person (or people) who believed you when others didn't?",4,Support,
198,Question,Engagement,"What book, podcast, or resource made you feel less alone?",All,Resources,
199,Question,Engagement,"If you could have coffee with someone going through this right now, what would you want them to know?",All,Solidarity,
200,Question,Engagement,"What's the most empowering thing you've learned about yourself through this hell?",All,Strength,
